<annotation>
	<folder>images</folder>
	<filename>0.jpg</filename>
	<path>E:\Learning_Resources\Deep_learning\my_data_sets\DATASETS_IMAGE\object_detection_demo\images\0.jpg</path>
	<source>
		<database>Unknown</database>
	</source>
	<size>
		<width>800</width>
		<height>600</height>
		<depth>3</depth>
	</size>
	<segmented>0</segmented>
	<object>
		<name>date</name>
		<pose>Unspecified</pose>
		<truncated>0</truncated>
		<difficult>0</difficult>
		<bndbox>
			<xmin>101</xmin>
			<ymin>117</ymin>
			<xmax>240</xmax>
			<ymax>286</ymax>
		</bndbox>
	</object>
	<object>
		<name>date</name>
		<pose>Unspecified</pose>
		<truncated>0</truncated>
		<difficult>0</difficult>
		<bndbox>
			<xmin>322</xmin>
			<ymin>321</ymin>
			<xmax>463</xmax>
			<ymax>422</ymax>
		</bndbox>
	</object>
	<object>
		<name>date</name>
		<pose>Unspecified</pose>
		<truncated>0</truncated>
		<difficult>0</difficult>
		<bndbox>
			<xmin>430</xmin>
			<ymin>415</ymin>
			<xmax>586</xmax>
			<ymax>527</ymax>
		</bndbox>
	</object>
	<object>
		<name>date</name>
		<pose>Unspecified</pose>
		<truncated>0</truncated>
		<difficult>0</difficult>
		<bndbox>
			<xmin>599</xmin>
			<ymin>396</ymin>
			<xmax>712</xmax>
			<ymax>558</ymax>
		</bndbox>
	</object>
	<object>
		<name>date</name>
		<pose>Unspecified</pose>
		<truncated>0</truncated>
		<difficult>0</difficult>
		<bndbox>
			<xmin>566</xmin>
			<ymin>261</ymin>
			<xmax>703</xmax>
			<ymax>394</ymax>
		</bndbox>
	</object>
	<object>
		<name>hazelnut</name>
		<pose>Unspecified</pose>
		<truncated>0</truncated>
		<difficult>0</difficult>
		<bndbox>
			<xmin>245</xmin>
			<ymin>243</ymin>
			<xmax>316</xmax>
			<ymax>314</ymax>
		</bndbox>
	</object>
	<object>
		<name>hazelnut</name>
		<pose>Unspecified</pose>
		<truncated>0</truncated>
		<difficult>0</difficult>
		<bndbox>
			<xmin>513</xmin>
			<ymin>218</ymin>
			<xmax>595</xmax>
			<ymax>304</ymax>
		</bndbox>
	</object>
	<object>
		<name>hazelnut</name>
		<pose>Unspecified</pose>
		<truncated>0</truncated>
		<difficult>0</difficult>
		<bndbox>
			<xmin>87</xmin>
			<ymin>313</ymin>
			<xmax>171</xmax>
			<ymax>406</ymax>
		</bndbox>
	</object>
	<object>
		<name>fig</name>
		<pose>Unspecified</pose>
		<truncated>0</truncated>
		<difficult>0</difficult>
		<bndbox>
			<xmin>368</xmin>
			<ymin>127</ymin>
			<xmax>541</xmax>
			<ymax>232</ymax>
		</bndbox>
	</object>
	<object>
		<name>fig</name>
		<pose>Unspecified</pose>
		<truncated>0</truncated>
		<difficult>0</difficult>
		<bndbox>
			<xmin>563</xmin>
			<ymin>169</ymin>
			<xmax>699</xmax>
			<ymax>250</ymax>
		</bndbox>
	</object>
	<object>
		<name>fig</name>
		<pose>Unspecified</pose>
		<truncated>0</truncated>
		<difficult>0</difficult>
		<bndbox>
			<xmin>208</xmin>
			<ymin>274</ymin>
			<xmax>313</xmax>
			<ymax>430</ymax>
		</bndbox>
	</object>
	<object>
		<name>fig</name>
		<pose>Unspecified</pose>
		<truncated>0</truncated>
		<difficult>0</difficult>
		<bndbox>
			<xmin>376</xmin>
			<ymin>223</ymin>
			<xmax>510</xmax>
			<ymax>328</ymax>
		</bndbox>
	</object>
</annotation>
