<annotation>
	<folder>images</folder>
	<filename>12.jpg</filename>
	<path>E:\Learning_Resources\Deep_learning\my_data_sets\DATASETS_IMAGE\object_detection_demo\images\12.jpg</path>
	<source>
		<database>Unknown</database>
	</source>
	<size>
		<width>800</width>
		<height>600</height>
		<depth>3</depth>
	</size>
	<segmented>0</segmented>
	<object>
		<name>date</name>
		<pose>Unspecified</pose>
		<truncated>0</truncated>
		<difficult>0</difficult>
		<bndbox>
			<xmin>125</xmin>
			<ymin>205</ymin>
			<xmax>243</xmax>
			<ymax>375</ymax>
		</bndbox>
	</object>
	<object>
		<name>date</name>
		<pose>Unspecified</pose>
		<truncated>0</truncated>
		<difficult>0</difficult>
		<bndbox>
			<xmin>230</xmin>
			<ymin>223</ymin>
			<xmax>355</xmax>
			<ymax>387</ymax>
		</bndbox>
	</object>
	<object>
		<name>date</name>
		<pose>Unspecified</pose>
		<truncated>0</truncated>
		<difficult>0</difficult>
		<bndbox>
			<xmin>386</xmin>
			<ymin>254</ymin>
			<xmax>538</xmax>
			<ymax>391</ymax>
		</bndbox>
	</object>
	<object>
		<name>date</name>
		<pose>Unspecified</pose>
		<truncated>0</truncated>
		<difficult>0</difficult>
		<bndbox>
			<xmin>417</xmin>
			<ymin>446</ymin>
			<xmax>524</xmax>
			<ymax>587</ymax>
		</bndbox>
	</object>
	<object>
		<name>date</name>
		<pose>Unspecified</pose>
		<truncated>0</truncated>
		<difficult>0</difficult>
		<bndbox>
			<xmin>220</xmin>
			<ymin>452</ymin>
			<xmax>382</xmax>
			<ymax>577</ymax>
		</bndbox>
	</object>
	<object>
		<name>fig</name>
		<pose>Unspecified</pose>
		<truncated>0</truncated>
		<difficult>0</difficult>
		<bndbox>
			<xmin>387</xmin>
			<ymin>96</ymin>
			<xmax>530</xmax>
			<ymax>212</ymax>
		</bndbox>
	</object>
	<object>
		<name>fig</name>
		<pose>Unspecified</pose>
		<truncated>0</truncated>
		<difficult>0</difficult>
		<bndbox>
			<xmin>640</xmin>
			<ymin>116</ymin>
			<xmax>729</xmax>
			<ymax>211</ymax>
		</bndbox>
	</object>
	<object>
		<name>fig</name>
		<pose>Unspecified</pose>
		<truncated>0</truncated>
		<difficult>0</difficult>
		<bndbox>
			<xmin>274</xmin>
			<ymin>114</ymin>
			<xmax>358</xmax>
			<ymax>238</ymax>
		</bndbox>
	</object>
	<object>
		<name>fig</name>
		<pose>Unspecified</pose>
		<truncated>0</truncated>
		<difficult>0</difficult>
		<bndbox>
			<xmin>526</xmin>
			<ymin>268</ymin>
			<xmax>625</xmax>
			<ymax>390</ymax>
		</bndbox>
	</object>
	<object>
		<name>hazelnut</name>
		<pose>Unspecified</pose>
		<truncated>0</truncated>
		<difficult>0</difficult>
		<bndbox>
			<xmin>264</xmin>
			<ymin>59</ymin>
			<xmax>343</xmax>
			<ymax>137</ymax>
		</bndbox>
	</object>
	<object>
		<name>hazelnut</name>
		<pose>Unspecified</pose>
		<truncated>0</truncated>
		<difficult>0</difficult>
		<bndbox>
			<xmin>493</xmin>
			<ymin>62</ymin>
			<xmax>561</xmax>
			<ymax>132</ymax>
		</bndbox>
	</object>
	<object>
		<name>hazelnut</name>
		<pose>Unspecified</pose>
		<truncated>0</truncated>
		<difficult>0</difficult>
		<bndbox>
			<xmin>155</xmin>
			<ymin>102</ymin>
			<xmax>229</xmax>
			<ymax>173</ymax>
		</bndbox>
	</object>
	<object>
		<name>hazelnut</name>
		<pose>Unspecified</pose>
		<truncated>0</truncated>
		<difficult>0</difficult>
		<bndbox>
			<xmin>51</xmin>
			<ymin>378</ymin>
			<xmax>149</xmax>
			<ymax>460</ymax>
		</bndbox>
	</object>
</annotation>
