<annotation>
	<folder>images</folder>
	<filename>13.jpg</filename>
	<path>E:\Learning_Resources\Deep_learning\my_data_sets\DATASETS_IMAGE\object_detection_demo\images\13.jpg</path>
	<source>
		<database>Unknown</database>
	</source>
	<size>
		<width>800</width>
		<height>600</height>
		<depth>3</depth>
	</size>
	<segmented>0</segmented>
	<object>
		<name>date</name>
		<pose>Unspecified</pose>
		<truncated>0</truncated>
		<difficult>0</difficult>
		<bndbox>
			<xmin>248</xmin>
			<ymin>30</ymin>
			<xmax>431</xmax>
			<ymax>170</ymax>
		</bndbox>
	</object>
	<object>
		<name>date</name>
		<pose>Unspecified</pose>
		<truncated>0</truncated>
		<difficult>0</difficult>
		<bndbox>
			<xmin>398</xmin>
			<ymin>175</ymin>
			<xmax>587</xmax>
			<ymax>298</ymax>
		</bndbox>
	</object>
	<object>
		<name>date</name>
		<pose>Unspecified</pose>
		<truncated>0</truncated>
		<difficult>0</difficult>
		<bndbox>
			<xmin>40</xmin>
			<ymin>128</ymin>
			<xmax>238</xmax>
			<ymax>246</ymax>
		</bndbox>
	</object>
	<object>
		<name>fig</name>
		<pose>Unspecified</pose>
		<truncated>0</truncated>
		<difficult>0</difficult>
		<bndbox>
			<xmin>538</xmin>
			<ymin>441</ymin>
			<xmax>653</xmax>
			<ymax>532</ymax>
		</bndbox>
	</object>
	<object>
		<name>hazelnut</name>
		<pose>Unspecified</pose>
		<truncated>0</truncated>
		<difficult>0</difficult>
		<bndbox>
			<xmin>532</xmin>
			<ymin>103</ymin>
			<xmax>623</xmax>
			<ymax>174</ymax>
		</bndbox>
	</object>
	<object>
		<name>hazelnut</name>
		<pose>Unspecified</pose>
		<truncated>0</truncated>
		<difficult>0</difficult>
		<bndbox>
			<xmin>471</xmin>
			<ymin>315</ymin>
			<xmax>549</xmax>
			<ymax>372</ymax>
		</bndbox>
	</object>
	<object>
		<name>hazelnut</name>
		<pose>Unspecified</pose>
		<truncated>0</truncated>
		<difficult>0</difficult>
		<bndbox>
			<xmin>583</xmin>
			<ymin>365</ymin>
			<xmax>675</xmax>
			<ymax>438</ymax>
		</bndbox>
	</object>
	<object>
		<name>hazelnut</name>
		<pose>Unspecified</pose>
		<truncated>0</truncated>
		<difficult>0</difficult>
		<bndbox>
			<xmin>163</xmin>
			<ymin>258</ymin>
			<xmax>269</xmax>
			<ymax>330</ymax>
		</bndbox>
	</object>
</annotation>
