<annotation>
	<folder>train</folder>
	<filename>9.jpg</filename>
	<path>E:\Learning_Resources\Deep_learning\my_data_sets\DATASETS_IMAGE\object_detection_demo\training_demo\images\train\9.jpg</path>
	<source>
		<database>Unknown</database>
	</source>
	<size>
		<width>800</width>
		<height>600</height>
		<depth>3</depth>
	</size>
	<segmented>0</segmented>
	<object>
		<name>date</name>
		<pose>Unspecified</pose>
		<truncated>0</truncated>
		<difficult>0</difficult>
		<bndbox>
			<xmin>212</xmin>
			<ymin>53</ymin>
			<xmax>401</xmax>
			<ymax>179</ymax>
		</bndbox>
	</object>
	<object>
		<name>date</name>
		<pose>Unspecified</pose>
		<truncated>0</truncated>
		<difficult>0</difficult>
		<bndbox>
			<xmin>331</xmin>
			<ymin>199</ymin>
			<xmax>450</xmax>
			<ymax>368</ymax>
		</bndbox>
	</object>
	<object>
		<name>date</name>
		<pose>Unspecified</pose>
		<truncated>0</truncated>
		<difficult>0</difficult>
		<bndbox>
			<xmin>472</xmin>
			<ymin>218</ymin>
			<xmax>611</xmax>
			<ymax>413</ymax>
		</bndbox>
	</object>
	<object>
		<name>date</name>
		<pose>Unspecified</pose>
		<truncated>0</truncated>
		<difficult>0</difficult>
		<bndbox>
			<xmin>477</xmin>
			<ymin>441</ymin>
			<xmax>684</xmax>
			<ymax>567</ymax>
		</bndbox>
	</object>
	<object>
		<name>date</name>
		<pose>Unspecified</pose>
		<truncated>0</truncated>
		<difficult>0</difficult>
		<bndbox>
			<xmin>316</xmin>
			<ymin>370</ymin>
			<xmax>472</xmax>
			<ymax>553</ymax>
		</bndbox>
	</object>
	<object>
		<name>date</name>
		<pose>Unspecified</pose>
		<truncated>0</truncated>
		<difficult>0</difficult>
		<bndbox>
			<xmin>222</xmin>
			<ymin>336</ymin>
			<xmax>363</xmax>
			<ymax>478</ymax>
		</bndbox>
	</object>
	<object>
		<name>date</name>
		<pose>Unspecified</pose>
		<truncated>0</truncated>
		<difficult>0</difficult>
		<bndbox>
			<xmin>130</xmin>
			<ymin>235</ymin>
			<xmax>263</xmax>
			<ymax>389</ymax>
		</bndbox>
	</object>
	<object>
		<name>hazelnut</name>
		<pose>Unspecified</pose>
		<truncated>0</truncated>
		<difficult>0</difficult>
		<bndbox>
			<xmin>407</xmin>
			<ymin>35</ymin>
			<xmax>494</xmax>
			<ymax>107</ymax>
		</bndbox>
	</object>
	<object>
		<name>hazelnut</name>
		<pose>Unspecified</pose>
		<truncated>0</truncated>
		<difficult>0</difficult>
		<bndbox>
			<xmin>602</xmin>
			<ymin>352</ymin>
			<xmax>677</xmax>
			<ymax>450</ymax>
		</bndbox>
	</object>
	<object>
		<name>hazelnut</name>
		<pose>Unspecified</pose>
		<truncated>0</truncated>
		<difficult>0</difficult>
		<bndbox>
			<xmin>131</xmin>
			<ymin>441</ymin>
			<xmax>231</xmax>
			<ymax>524</ymax>
		</bndbox>
	</object>
	<object>
		<name>hazelnut</name>
		<pose>Unspecified</pose>
		<truncated>0</truncated>
		<difficult>0</difficult>
		<bndbox>
			<xmin>72</xmin>
			<ymin>305</ymin>
			<xmax>145</xmax>
			<ymax>381</ymax>
		</bndbox>
	</object>
</annotation>
